Channel name,Channel id
b'Sara LoL',UCWVz07amFIiK8n1HwiJmU1A
b'Lolga Spotlight',UCWZW9eYEHZARRQtwufE7E-w
b'High Elo TV',UCywIXyjpWIqJM6yEO6YygmQ
b'LOL TIME',UCSFuAdIa3RQehQ3oZdGWIpg
b'Synotik v2',UCuqmeFSBtLb4vSBIptm1H3g
b'song \xd9\x85\xd8\xaa\xd8\xb1\xd8\xac\xd9\x85',UCBxva_aw1lc351FYDYnxn1g
b'kariZma',UCUm6aTahaq6pS1CU7xXgSBw
b'\xd8\xa7\xd9\x84\xd8\xb9\xd9\x8a\xd9\x86 \xd8\xa7\xd9\x84\xd8\xa5\xd8\xae\xd8\xa8\xd8\xa7\xd8\xb1\xd9\x8a\xd8\xa9',UCQqkDCzglMefUmIl6rcE0eA
b'Perfect Goal',UCS1ZsI8JtAwtgd8q77vqMsQ
b'ILoveBasketballTV',UCgP1mu1UXba9r2owhCHo--g
b'League of Legends',UC2t5bjwHdUX4vM2g8TRDq5g
b'Holy2010Quran',UC1oUkQ4u-tE2BvxTtceVpuw
b'\xd8\xa7\xd9\x84\xd8\xb5\xd9\x88\xd8\xaa \xd8\xa7\xd9\x84\xd8\xaa\xd9\x88\xd9\x86\xd8\xb3\xd9\x89 - \xd8\xa7\xd9\x84\xd9\x82\xd8\xb1\xd8\xa7\xd9\x86 \xd8\xa7\xd9\x84\xd9\x83\xd8\xb1\xd9\x8a\xd9\x85',UChzJgvm9Mx7qQ6eh6j3Zuag
b'Yasser Eid Rezq',UCqWBAzaK0S51NIgDf30Qsaw
b'\xd8\xb5\xd8\xae\xd8\xb1 \xd8\xaf\xd8\xb4\xd9\x8a\xd9\x84\xd8\xa9 \xe2\x80\xa2 Sakher Deshilah',UCgr-O669uWtD8Xvqdr0jNyA
b'\xd8\xae\xd9\x84 \xd9\x85\xd8\xa7\xd9\x85\xd8\xa7',UChdHMG8ghHwxh6cVTG_--IQ
b'Salem Monsieur',UCeFHaY3vjhORbfj6AxFo9Gg
b'Dracowar',UCIfxflt5h_k_AaaQhDEKRYA
b'Christian Aguirre',UCxQ28ZZOvEpooey_hPiiCIw
b'Naruto The Seventh 2.0',UC6f9xL12WZbt6tBPa2uTr6g
b'Rez',UCjYDUEXvJyQ4wGv15tRruzQ
b'OFFICIAL SC-DIGBAND',UCKeXLEdttPdF5XViiwuJIZw
b'Daniel Fonseca',UCTb94DCd4c4Gbqcs0LsO5uQ
b'ISP Family',UC9wWS02mnhRHSUbZN26V-jA
b'THE BEST OF FOOTBALLS',UChM1A2WBhRNWnMSm6BwEeJw
b'H\xc3\xbcseyin Aydin',UCycG89XH4a6g6sYC7BoQhzg
b'Doggui05',UCK6dIEFHxuAph-c8Y6EzKyw
b'Santa Ignor\xc3\xa2ncia Tv',UCyad8V6QqRB7-Zpe7-s-Sig
b'jot lotey',UCgZDJJzl_lp46jYq6k8COpQ
b'WiLLMOR',UC8H-r9lf_Ewl79F67CAKCDA
b'Modern Wolf',UClCyQmIL9wAGrEyTnmj_L-A
b'DIFFERIO',UC-izWVNohPjyG_xbSARCd3w
b'TheMattMan98',UCRuCChLYocyC60K7ZRBGJxw
b'I am Psychosis',UCeFFzRCCTZPF6dNDd3Ie0Qw
b'Toppa Da Mornin',UC35zaJM9dqmGbR0Ou4NpYuQ
b'Komedi Evreni',UCWytzjs9wF8V5Tj_ZU09yJw
b'barcelona News \xd8\xa7\xd8\xae\xd8\xa8\xd8\xa7\xd8\xb1 \xd8\xa8\xd8\xb1\xd8\xb4\xd9\x84\xd9\x88\xd9\x86\xd8\xa9',UCFkqLYAIRH6k7dwBd8PB0Eg
b'KAli46',UCQaRNhKQWUWbkA02rIjaVaw
b'Acid4You',UCvYUGiJuM7UubjJT2ctE_ug
b'Nick Pirozhkov',UCPQlHRYkXUo-4J27gzTsFkw
b'Felix Mata',UCAr064KSlYrj1EwjJbd7dow
b'Dakwah Islam Masa Kini',UCiC7oWwUUwGfiK6eY7qAAxA
b'PcShed',UCbTCBxRhVAn-ryBoZ2IwVww
b'GAPLEK OFFICIAL55',UCi3d-iAu_2dfIuYauxxgdZA
b'Shoot Elite',UC1NxZMRT4DLCAlTj5c6WL4w
b'Shop 24h',UC7mYRpz-PhHMEOC-A7pC7ug
b'iQ Android',UC2VJ3Rmee4Be_Guqsd1LD1g
b'Andi Lukmanul Hakim',UCC-mV4KSFLd0W48OMAB_Ouw
b'\xf0\x9d\x90\x88\xf0\x9d\x90\x8c\xf0\x9d\x90\x80\xf0\x9d\x90\x91\xf0\x9d\x90\x86\xf0\x9d\x90\x88\xf0\x9d\x90\x8d\xf0\x9d\x90\x80\xf0\x9d\x90\x82\xf0\x9d\x90\x88\xf0\x9d\x90\x8e\xf0\x9d\x90\x8d \xf0\x9d\x90\x8c\xf0\x9d\x90\x97',UCZJnxk_Zx0o-d4iUiOLwCFA
b'Target Hero',UCNUpOqKgyideBKFd5NIe4qQ
